triplet_corr_orig,triplet_corr_model,triplet_corr_independent
-0.28000000000000014,-0.26324000000000036,-0.1483109600000003
-0.27000000000000013,-0.2500000000000004,-0.1455231600000003
-0.22000000000000008,-0.2206400000000002,-0.1483109600000003
-0.2340000000000001,-0.2345000000000003,-0.1510987600000003
-0.2320000000000001,-0.23836000000000024,-0.1471958400000003
-0.27000000000000013,-0.2344000000000003,-0.1533290000000003
-0.28000000000000014,-0.23872000000000032,-0.14496560000000028
-0.27200000000000013,-0.22596000000000024,-0.1494260800000003
-0.2520000000000001,-0.2389600000000003,-0.14496560000000028
-0.2260000000000001,-0.2066000000000002,-0.13771732000000028
-0.28800000000000014,-0.2579600000000003,-0.1572319200000003
-0.2540000000000001,-0.25856000000000035,-0.16782556000000035
-0.2420000000000001,-0.2628600000000003,-0.1510987600000003
-0.27600000000000013,-0.26206000000000035,-0.1460723040000003
-0.27400000000000013,-0.2484600000000003,-0.14887062400000028
-0.2400000000000001,-0.24248000000000028,-0.1516689440000003
-0.2580000000000001,-0.24050000000000024,-0.14775129600000028
-0.2320000000000001,-0.2377800000000003,-0.1539076000000003
-0.21800000000000008,-0.24026000000000025,-0.14551264000000028
-0.2620000000000001,-0.2547800000000003,-0.1499899520000003
-0.23800000000000013,-0.25922000000000034,-0.14551264000000028
-0.2400000000000001,-0.23618000000000028,-0.13823700800000027
-0.31800000000000017,-0.2704200000000004,-0.1578252480000003
-0.2480000000000001,-0.2594600000000003,-0.16845886400000035
-0.29200000000000015,-0.2538400000000003,-0.1516689440000003
-0.27600000000000013,-0.2512600000000003,-0.1460723040000003
-0.2460000000000001,-0.24364000000000033,-0.1488180240000003
-0.2440000000000001,-0.23058000000000028,-0.1449740160000003
-0.21800000000000008,-0.2352600000000003,-0.1510146000000003
-0.2640000000000001,-0.2313800000000003,-0.14277744000000028
-0.2280000000000001,-0.2406200000000003,-0.1471705920000003
-0.2280000000000001,-0.2412200000000003,-0.14277744000000028
-0.2260000000000001,-0.2139000000000002,-0.13563856800000026
-0.2680000000000001,-0.2680600000000003,-0.15485860800000031
-0.2500000000000001,-0.27478000000000036,-0.16529234400000034
-0.2460000000000001,-0.2504000000000003,-0.1488180240000003
-0.18000000000000005,-0.2047200000000002,-0.1516689440000003
-0.20200000000000007,-0.21534000000000017,-0.14775129600000028
-0.2240000000000001,-0.21274000000000026,-0.1539076000000003
-0.2540000000000001,-0.2287000000000002,-0.14551264000000028
-0.2140000000000001,-0.20574000000000017,-0.1499899520000003
-0.21400000000000008,-0.23714000000000032,-0.14551264000000028
-0.1960000000000001,-0.20022000000000018,-0.13823700800000027
-0.2220000000000001,-0.24054000000000034,-0.1578252480000003
-0.2240000000000001,-0.2350600000000003,-0.16845886400000035
-0.2080000000000001,-0.23804000000000025,-0.1516689440000003
-0.21600000000000008,-0.21204000000000023,-0.1505285760000003
-0.2300000000000001,-0.19476000000000016,-0.15680060000000032
-0.2320000000000001,-0.22380000000000025,-0.1482478400000003
-0.21200000000000008,-0.22036000000000025,-0.1528093120000003
-0.2560000000000001,-0.23408000000000032,-0.1482478400000003
-0.23800000000000013,-0.20632000000000017,-0.14083544800000028
-0.2360000000000001,-0.23136000000000023,-0.16079188800000033
-0.20600000000000007,-0.2418000000000003,-0.17162538400000035
-0.19400000000000006,-0.21662000000000026,-0.1545198640000003
-0.20800000000000007,-0.20866000000000018,-0.1527504000000003
-0.2420000000000001,-0.19834000000000016,-0.14441856000000028
-0.2540000000000001,-0.21246000000000018,-0.1488622080000003
-0.1980000000000001,-0.2110200000000002,-0.14441856000000028
-0.19200000000000006,-0.17878000000000016,-0.13719763200000026
-0.2300000000000001,-0.24150000000000024,-0.15663859200000033
-0.2400000000000001,-0.22066000000000024,-0.16719225600000034
-0.16800000000000007,-0.2086400000000002,-0.1505285760000003
-0.2480000000000001,-0.2026600000000002,-0.1504360000000003
-0.18000000000000008,-0.21370000000000022,-0.1550648000000003
-0.21200000000000008,-0.2081800000000002,-0.1504360000000003
-0.20600000000000007,-0.19902000000000025,-0.1429142000000003
-0.2600000000000001,-0.24210000000000026,-0.16316520000000034
-0.21800000000000008,-0.19350000000000023,-0.17415860000000036
-0.2500000000000001,-0.22576000000000024,-0.15680060000000032
-0.21400000000000008,-0.2136600000000002,-0.1466067200000003
-0.19400000000000006,-0.2307800000000002,-0.14223040000000028
-0.22000000000000008,-0.20886000000000018,-0.13511888000000027
-0.2580000000000001,-0.2353000000000003,-0.1542652800000003
-0.24400000000000013,-0.2498200000000003,-0.16465904000000034
-0.21200000000000008,-0.2247600000000003,-0.1482478400000003
-0.2500000000000001,-0.23410000000000028,-0.1466067200000003
-0.20400000000000007,-0.20294000000000023,-0.13927638400000028
-0.2300000000000001,-0.24766000000000032,-0.15901190400000034
-0.20800000000000007,-0.24038000000000026,-0.16972547200000038
-0.2440000000000001,-0.22464000000000026,-0.15280931200000034
-0.18800000000000008,-0.2067000000000002,-0.13511888000000027
-0.2380000000000001,-0.25330000000000036,-0.1542652800000003
-0.2280000000000001,-0.23578000000000027,-0.16465904000000034
-0.2640000000000001,-0.24840000000000031,-0.1482478400000003
-0.2360000000000001,-0.23526000000000027,-0.1465520160000003
-0.18600000000000005,-0.23634000000000027,-0.15642608800000032
-0.2060000000000001,-0.2186800000000002,-0.14083544800000028
-0.2520000000000001,-0.27574000000000043,-0.1785917280000004
-0.27600000000000013,-0.2670800000000003,-0.16079188800000035
-0.2300000000000001,-0.2488400000000003,-0.17162538400000035
-0.2480000000000001,-0.23150000000000023,-0.1471831200000003
-0.21800000000000008,-0.22686000000000028,-0.1500027200000003
-0.2360000000000001,-0.23692000000000027,-0.15282232000000032
-0.2660000000000001,-0.25534000000000034,-0.1488748800000003
-0.28000000000000014,-0.24182000000000023,-0.15507800000000033
-0.21000000000000008,-0.24262000000000028,-0.14661920000000028
-0.2460000000000001,-0.23234000000000027,-0.1511305600000003
-0.21000000000000008,-0.24418000000000026,-0.14661920000000028
-0.20400000000000007,-0.22378000000000026,-0.13928824000000029
-0.2340000000000001,-0.25094000000000033,-0.15902544000000032
-0.2280000000000001,-0.2481800000000003,-0.16973992000000035
-0.2560000000000001,-0.26504000000000033,-0.15282232000000032
-0.22000000000000008,-0.22682000000000024,-0.14718312000000028
-0.20200000000000007,-0.24076000000000028,-0.14994972000000029
-0.20400000000000007,-0.24330000000000035,-0.14607648000000029
-0.2260000000000001,-0.23566000000000023,-0.1521630000000003
-0.2400000000000001,-0.23026000000000027,-0.14386320000000027
-0.22800000000000012,-0.2202200000000002,-0.1482897600000003
-0.2320000000000001,-0.22414000000000028,-0.14386320000000027
-0.15800000000000008,-0.19554000000000016,-0.13667004000000027
-0.28800000000000014,-0.2458200000000003,-0.1560362400000003
-0.27800000000000014,-0.2593800000000003,-0.16654932000000033
-0.2660000000000001,-0.2547600000000003,-0.14994972000000029
-0.17200000000000004,-0.20992000000000022,-0.15282232000000032
-0.2620000000000001,-0.23606000000000024,-0.1488748800000003
-0.2440000000000001,-0.22138000000000027,-0.15507800000000033
-0.2260000000000001,-0.23078000000000023,-0.14661920000000028
-0.20200000000000007,-0.18886000000000017,-0.1511305600000003
-0.18200000000000005,-0.2191000000000002,-0.14661920000000028
-0.20400000000000007,-0.19714000000000015,-0.13928824000000029
-0.2540000000000001,-0.2206200000000002,-0.15902544000000032
-0.2240000000000001,-0.22854000000000027,-0.16973992000000035
-0.2480000000000001,-0.2477600000000003,-0.15282232000000032
-0.2480000000000001,-0.26128000000000035,-0.15167328000000033
-0.2220000000000001,-0.23520000000000027,-0.15799300000000033
-0.28800000000000014,-0.25472000000000034,-0.14937520000000032
-0.22000000000000008,-0.22704000000000027,-0.15397136000000033
-0.28400000000000014,-0.2416000000000003,-0.14937520000000032
-0.21000000000000008,-0.22048000000000023,-0.1419064400000003
-0.28800000000000014,-0.2370800000000003,-0.16201464000000035
-0.28200000000000014,-0.2664400000000004,-0.17293052000000037
-0.2540000000000001,-0.25534000000000034,-0.15569492000000032
-0.2680000000000001,-0.2594200000000003,-0.1539120000000003
-0.2380000000000001,-0.25118000000000035,-0.14551680000000028
-0.2580000000000001,-0.24242000000000027,-0.1499942400000003
-0.2300000000000001,-0.23838000000000023,-0.14551680000000028
-0.21600000000000008,-0.2162200000000002,-0.13824096000000027
-0.2620000000000001,-0.2684200000000003,-0.15782976000000032
-0.28800000000000014,-0.27026000000000033,-0.16846368000000034
-0.2480000000000001,-0.26512000000000036,-0.1516732800000003
-0.2440000000000001,-0.24430000000000027,-0.15158000000000033
-0.2480000000000001,-0.2342200000000003,-0.15624400000000033
-0.2680000000000001,-0.22666000000000025,-0.15158000000000033
-0.2220000000000001,-0.2226200000000002,-0.1440010000000003
-0.2520000000000001,-0.25462000000000035,-0.16440600000000036
-0.2580000000000001,-0.2322200000000003,-0.1754830000000004
-0.2580000000000001,-0.27160000000000034,-0.15799300000000033
-0.2420000000000001,-0.22242000000000023,-0.1477216000000003
-0.27400000000000013,-0.2399800000000003,-0.1433120000000003
-0.20400000000000007,-0.22614000000000029,-0.13614640000000028
-0.2500000000000001,-0.24454000000000023,-0.15543840000000034
-0.27600000000000013,-0.2663000000000004,-0.16591120000000037
-0.2600000000000001,-0.2647600000000004,-0.14937520000000032
-0.2340000000000001,-0.22730000000000028,-0.1477216000000003
-0.2280000000000001,-0.20470000000000022,-0.1403355200000003
-0.2460000000000001,-0.23738000000000029,-0.16022112000000033
-0.2400000000000001,-0.24254000000000028,-0.17101616000000036
-0.2600000000000001,-0.24752000000000035,-0.1539713600000003
-0.2560000000000001,-0.21058000000000024,-0.13614640000000028
-0.2580000000000001,-0.2439400000000003,-0.15543840000000034
-0.2560000000000001,-0.2378200000000003,-0.16591120000000037
-0.27600000000000013,-0.2682000000000004,-0.14937520000000032
-0.2640000000000001,-0.23078000000000023,-0.1476664800000003
-0.2380000000000001,-0.2395000000000003,-0.1576156400000003
-0.2420000000000001,-0.24272000000000032,-0.14190644000000027
-0.2560000000000001,-0.2736600000000003,-0.17994984000000036
-0.2640000000000001,-0.2854000000000003,-0.16201464000000032
-0.28200000000000014,-0.2849600000000005,-0.17293052000000037
-0.2460000000000001,-0.2506800000000003,-0.1477385280000003
-0.22000000000000008,-0.23670000000000027,-0.15051556800000032
-0.2500000000000001,-0.23852000000000023,-0.1466277120000003
-0.2640000000000001,-0.2309200000000003,-0.15273720000000032
-0.2380000000000001,-0.2248800000000002,-0.1444060800000003
-0.2620000000000001,-0.24180000000000032,-0.1488493440000003
-0.2540000000000001,-0.24300000000000033,-0.1444060800000003
-0.2320000000000001,-0.21988000000000021,-0.1371857760000003
-0.28200000000000014,-0.2574400000000003,-0.15662505600000032
-0.2520000000000001,-0.2587200000000003,-0.16717780800000034
-0.24800000000000014,-0.2433000000000003,-0.15051556800000032
-0.20600000000000007,-0.2221800000000002,-0.1533990080000003
-0.22000000000000008,-0.2452000000000003,-0.1494366720000003
-0.20200000000000007,-0.2340800000000003,-0.1556632000000003
-0.2400000000000001,-0.23860000000000028,-0.1471724800000003
-0.23600000000000013,-0.22772000000000028,-0.15170086400000032
-0.2440000000000001,-0.2545200000000003,-0.1471724800000003
-0.18200000000000005,-0.22532000000000024,-0.1398138560000003
-0.21600000000000008,-0.2480800000000003,-0.15962553600000032
-0.2460000000000001,-0.24124000000000034,-0.17038044800000035
-0.2220000000000001,-0.24774000000000027,-0.1533990080000003
-0.2460000000000001,-0.2427400000000002,-0.1522456320000003
-0.2280000000000001,-0.21702000000000018,-0.15858920000000032
-0.2460000000000001,-0.23414000000000026,-0.1499388800000003
-0.19800000000000012,-0.23678000000000018,-0.15455238400000032
-0.2420000000000001,-0.24118000000000034,-0.1499388800000003
-0.22000000000000008,-0.23274000000000025,-0.14244193600000027
-0.21000000000000008,-0.23254000000000033,-0.16262601600000032
-0.20000000000000007,-0.24282000000000029,-0.17358308800000036
-0.2360000000000001,-0.22764000000000023,-0.15628244800000032
-0.2460000000000001,-0.24516000000000032,-0.15449280000000032
-0.2240000000000001,-0.2266800000000003,-0.1460659200000003
-0.2240000000000001,-0.2482400000000003,-0.1505602560000003
-0.2240000000000001,-0.2447600000000003,-0.1460659200000003
-0.2460000000000001,-0.22744000000000023,-0.13876262400000028
-0.2600000000000001,-0.25940000000000035,-0.15842534400000033
-0.2420000000000001,-0.24544000000000027,-0.16909939200000035
-0.2500000000000001,-0.23766000000000023,-0.1522456320000003
-0.2220000000000001,-0.22008000000000025,-0.15215200000000031
-0.2300000000000001,-0.24040000000000028,-0.15683360000000032
-0.20600000000000007,-0.22844000000000025,-0.15215200000000031
-0.2600000000000001,-0.2275600000000002,-0.1445444000000003
-0.2500000000000001,-0.24756000000000022,-0.16502640000000035
-0.18800000000000006,-0.20720000000000022,-0.17614520000000036
-0.27600000000000013,-0.24618000000000032,-0.15858920000000035
-0.2000000000000001,-0.22500000000000026,-0.1482790400000003
-0.2680000000000001,-0.23952000000000026,-0.1438528000000003
-0.2500000000000001,-0.2262800000000002,-0.13666016000000028
-0.20800000000000007,-0.23404000000000016,-0.15602496000000032
-0.2300000000000001,-0.24816000000000035,-0.16653728000000034
-0.2220000000000001,-0.23118000000000025,-0.1499388800000003
-0.2480000000000001,-0.2519600000000003,-0.1482790400000003
-0.2300000000000001,-0.23444000000000023,-0.1408650880000003
-0.22400000000000012,-0.25584000000000034,-0.16082572800000033
-0.2300000000000001,-0.24640000000000026,-0.17166150400000035
-0.2500000000000001,-0.23866000000000026,-0.15455238400000032
-0.2380000000000001,-0.2380800000000003,-0.13666016000000028
-0.23200000000000012,-0.2602400000000003,-0.15602496000000032
-0.2580000000000001,-0.23952000000000032,-0.16653728000000034
-0.2540000000000001,-0.26150000000000034,-0.1499388800000003
-0.28200000000000014,-0.2502400000000003,-0.1482237120000003
-0.29200000000000015,-0.25388000000000027,-0.15821041600000033
-0.27200000000000013,-0.24270000000000033,-0.1424419360000003
-0.2620000000000001,-0.2662000000000003,-0.18062889600000037
-0.27000000000000013,-0.2677800000000004,-0.16262601600000035
-0.29200000000000015,-0.24802000000000032,-0.17358308800000036
-0.2320000000000001,-0.2371800000000002,-0.15051556800000032
-0.2420000000000001,-0.24120000000000022,-0.1466277120000003
-0.27200000000000013,-0.24804000000000034,-0.15273720000000032
-0.2500000000000001,-0.24052000000000026,-0.1444060800000003
-0.21400000000000008,-0.23060000000000025,-0.1488493440000003
-0.19800000000000006,-0.2458000000000003,-0.1444060800000003
-0.1960000000000001,-0.22224000000000022,-0.1371857760000003
-0.2660000000000001,-0.2552400000000003,-0.15662505600000032
-0.27600000000000013,-0.2714400000000003,-0.16717780800000034
-0.2360000000000001,-0.2534200000000002,-0.15051556800000032
-0.2240000000000001,-0.2447800000000003,-0.1493838720000003
-0.19800000000000006,-0.23334000000000027,-0.15560820000000034
-0.21200000000000008,-0.24378000000000033,-0.1471204800000003
-0.2280000000000001,-0.2393000000000002,-0.1516472640000003
-0.2320000000000001,-0.24026000000000022,-0.1471204800000003
-0.1980000000000001,-0.22562000000000026,-0.1397644560000003
-0.2480000000000001,-0.24406000000000028,-0.15956913600000033
-0.2500000000000001,-0.27170000000000044,-0.17032024800000037
-0.19000000000000006,-0.23392000000000027,-0.15334480800000033
-0.2680000000000001,-0.23888000000000026,-0.1515888000000003
-0.21800000000000008,-0.21516000000000018,-0.14332032000000028
-0.2340000000000001,-0.23232000000000025,-0.1477301760000003
-0.21800000000000008,-0.22244000000000025,-0.14332032000000028
-0.20400000000000007,-0.19676000000000018,-0.13615430400000028
-0.30200000000000016,-0.2556800000000003,-0.1554474240000003
-0.2480000000000001,-0.2581200000000003,-0.16592083200000032
-0.2320000000000001,-0.23326000000000024,-0.1493838720000003
-0.2640000000000001,-0.22380000000000022,-0.1492920000000003
-0.2320000000000001,-0.2346000000000002,-0.15388560000000032
-0.21600000000000008,-0.22000000000000028,-0.1492920000000003
-0.21800000000000008,-0.21628000000000022,-0.1418274000000003
-0.29200000000000015,-0.2511600000000003,-0.16192440000000036
-0.2580000000000001,-0.24240000000000025,-0.17283420000000038
-0.27400000000000013,-0.24358000000000024,-0.15560820000000034
-0.23800000000000013,-0.21964000000000025,-0.1454918400000003
-0.2260000000000001,-0.22864000000000023,-0.14114880000000027
-0.23600000000000013,-0.2072000000000002,-0.13409136000000027
-0.27000000000000013,-0.2354400000000003,-0.1530921600000003
-0.27200000000000013,-0.26084000000000035,-0.16340688000000034
-0.2240000000000001,-0.22758000000000025,-0.14712048000000028
-0.27800000000000014,-0.23564000000000027,-0.1454918400000003
-0.2400000000000001,-0.20752000000000023,-0.13821724800000026
-0.2620000000000001,-0.25164000000000025,-0.15780268800000033
-0.2480000000000001,-0.25932000000000033,-0.16843478400000034
-0.2520000000000001,-0.23762000000000028,-0.1516472640000003
-0.19200000000000006,-0.2086000000000002,-0.13409136000000027
-0.2380000000000001,-0.24428000000000033,-0.1530921600000003
-0.27600000000000013,-0.2507600000000003,-0.16340688000000034
-0.2560000000000001,-0.24910000000000032,-0.14712048000000028
-0.2520000000000001,-0.23152000000000025,-0.14543755200000028
-0.2420000000000001,-0.24924000000000032,-0.1552365360000003
-0.2540000000000001,-0.22298000000000023,-0.13976445600000026
-0.28000000000000014,-0.2858800000000004,-0.17723361600000037
-0.30400000000000016,-0.2715000000000004,-0.15956913600000033
-0.2420000000000001,-0.27022000000000046,-0.17032024800000034
-0.2260000000000001,-0.23606000000000024,-0.1522456320000003
-0.2320000000000001,-0.20998000000000014,-0.15858920000000032
-0.20600000000000007,-0.2372200000000003,-0.1499388800000003
-0.2420000000000001,-0.20830000000000023,-0.15455238400000032
-0.2460000000000001,-0.23438000000000025,-0.1499388800000003
-0.17200000000000007,-0.21286000000000024,-0.14244193600000027
-0.19000000000000009,-0.21906000000000023,-0.16262601600000032
-0.22000000000000008,-0.2334600000000003,-0.17358308800000036
-0.18000000000000005,-0.22056000000000028,-0.15628244800000032
-0.27800000000000014,-0.23960000000000028,-0.15449280000000032
-0.2440000000000001,-0.22964000000000026,-0.1460659200000003
-0.2240000000000001,-0.22356000000000026,-0.1505602560000003
-0.2640000000000001,-0.2347200000000003,-0.1460659200000003
-0.18600000000000005,-0.2084800000000002,-0.13876262400000028
-0.2440000000000001,-0.2523600000000003,-0.15842534400000033
-0.21800000000000008,-0.24604000000000031,-0.16909939200000035
-0.21400000000000008,-0.2396600000000003,-0.1522456320000003
-0.2500000000000001,-0.23044000000000028,-0.15215200000000031
-0.2620000000000001,-0.22224000000000022,-0.15683360000000032
-0.21400000000000008,-0.23068000000000025,-0.15215200000000031
-0.27200000000000013,-0.22576000000000024,-0.1445444000000003
-0.2580000000000001,-0.24240000000000025,-0.16502640000000035
-0.2440000000000001,-0.21440000000000026,-0.17614520000000036
-0.2560000000000001,-0.25022000000000033,-0.15858920000000035
-0.22000000000000008,-0.22056000000000026,-0.1482790400000003
-0.2320000000000001,-0.2514800000000003,-0.1438528000000003
-0.2340000000000001,-0.22580000000000022,-0.13666016000000028
-0.21200000000000008,-0.24052000000000026,-0.15602496000000032
-0.29000000000000015,-0.26236000000000037,-0.16653728000000034
-0.2060000000000001,-0.2449400000000002,-0.1499388800000003
-0.20800000000000007,-0.23292000000000035,-0.1482790400000003
-0.21800000000000008,-0.20808000000000024,-0.1408650880000003
-0.21600000000000008,-0.2254000000000002,-0.16082572800000033
-0.23000000000000012,-0.22304000000000027,-0.17166150400000035
-0.19000000000000006,-0.22446000000000027,-0.15455238400000032
-0.20200000000000007,-0.22372000000000025,-0.13666016000000028
-0.20800000000000007,-0.25220000000000026,-0.15602496000000032
-0.2580000000000001,-0.2377600000000003,-0.16653728000000034
-0.2660000000000001,-0.26090000000000035,-0.1499388800000003
-0.20600000000000007,-0.23496000000000025,-0.1482237120000003
-0.2480000000000001,-0.24400000000000024,-0.15821041600000033
-0.2320000000000001,-0.23246000000000028,-0.1424419360000003
-0.2540000000000001,-0.2596000000000003,-0.18062889600000037
-0.2660000000000001,-0.26594000000000034,-0.16262601600000035
-0.2480000000000001,-0.25678000000000034,-0.17358308800000036
-0.2640000000000001,-0.24530000000000032,-0.1573968000000003
-0.2500000000000001,-0.2428200000000003,-0.1488115200000003
-0.21800000000000008,-0.2453800000000003,-0.1533903360000003
-0.2540000000000001,-0.24198000000000028,-0.1488115200000003
-0.1920000000000001,-0.22282000000000024,-0.14137094400000028
-0.28600000000000014,-0.25030000000000036,-0.16140326400000032
-0.28400000000000014,-0.2641400000000003,-0.17227795200000035
-0.20400000000000007,-0.22944000000000028,-0.15510739200000032
-0.2400000000000001,-0.22806000000000023,-0.15501200000000032
-0.2320000000000001,-0.23346000000000025,-0.15978160000000033
-0.18800000000000006,-0.21294000000000018,-0.15501200000000032
-0.2460000000000001,-0.22598000000000026,-0.1472614000000003
-0.2440000000000001,-0.22446000000000021,-0.16812840000000034
-0.2140000000000001,-0.21630000000000024,-0.17945620000000037
-0.2380000000000001,-0.22500000000000026,-0.16157020000000033
-0.2260000000000001,-0.23742000000000024,-0.1510662400000003
-0.2500000000000001,-0.25322000000000033,-0.1465568000000003
-0.2520000000000001,-0.23990000000000025,-0.13922896000000026
-0.2500000000000001,-0.2395800000000003,-0.1589577600000003
-0.2640000000000001,-0.28206000000000037,-0.16966768000000035
-0.21600000000000008,-0.24088000000000032,-0.1527572800000003
-0.2300000000000001,-0.24498000000000023,-0.1510662400000003
-0.2320000000000001,-0.22906000000000026,-0.1435129280000003
-0.21000000000000008,-0.2374200000000003,-0.16384876800000034
-0.2560000000000001,-0.2577800000000004,-0.17488822400000034
-0.21200000000000008,-0.2258400000000003,-0.1574575040000003
-0.2440000000000001,-0.2279800000000002,-0.13922896000000026
-0.2540000000000001,-0.24310000000000026,-0.1589577600000003
-0.2320000000000001,-0.25010000000000027,-0.16966768000000035
-0.21200000000000008,-0.24908000000000036,-0.1527572800000003
-0.2360000000000001,-0.24070000000000027,-0.15100987200000032
-0.2540000000000001,-0.26110000000000033,-0.16118429600000034
-0.27400000000000013,-0.23132000000000025,-0.1451194160000003
-0.28800000000000014,-0.26078000000000034,-0.18402417600000037
-0.2400000000000001,-0.25120000000000037,-0.16568289600000033
-0.2380000000000001,-0.2511600000000004,-0.17684592800000037
-0.2420000000000001,-0.22536000000000023,-0.1510080000000003
-0.2580000000000001,-0.24904000000000026,-0.1556544000000003
-0.21800000000000008,-0.21944000000000025,-0.1510080000000003
-0.2240000000000001,-0.2225600000000003,-0.1434576000000003
-0.2620000000000001,-0.2649600000000003,-0.16378560000000034
-0.2480000000000001,-0.23248000000000033,-0.17482080000000036
-0.2600000000000001,-0.2485800000000003,-0.1573968000000003
-0.2120000000000001,-0.21964000000000022,-0.1471641600000003
-0.2480000000000001,-0.22420000000000023,-0.1427712000000003
-0.23800000000000013,-0.20776000000000022,-0.13563264000000028
-0.2520000000000001,-0.24096000000000026,-0.1548518400000003
-0.30600000000000016,-0.25208000000000036,-0.16528512000000034
-0.2140000000000001,-0.2287000000000003,-0.1488115200000003
-0.2360000000000001,-0.2348800000000003,-0.1471641600000003
-0.2340000000000001,-0.21592000000000022,-0.1398059520000003
-0.2600000000000001,-0.25556000000000034,-0.15961651200000032
-0.2580000000000001,-0.24976000000000032,-0.17037081600000034
-0.20200000000000007,-0.22890000000000021,-0.1533903360000003
-0.19400000000000006,-0.20632000000000014,-0.13563264000000028
-0.2280000000000001,-0.2491200000000004,-0.1548518400000003
-0.21400000000000008,-0.2273200000000002,-0.16528512000000034
-0.21400000000000008,-0.24154000000000028,-0.1488115200000003
-0.2460000000000001,-0.23648000000000027,-0.1471092480000003
-0.2480000000000001,-0.23456000000000027,-0.15702086400000032
-0.2240000000000001,-0.2161000000000002,-0.14137094400000028
-0.30600000000000016,-0.2775200000000003,-0.17927078400000035
-0.28600000000000014,-0.26846000000000037,-0.16140326400000032
-0.2520000000000001,-0.24690000000000029,-0.17227795200000035
-0.21800000000000008,-0.22356000000000026,-0.1532960000000003
-0.2460000000000001,-0.21532000000000018,-0.1487200000000003
-0.2520000000000001,-0.2270800000000003,-0.14128400000000027
-0.21800000000000008,-0.23072000000000026,-0.1613040000000003
-0.22800000000000012,-0.22728000000000026,-0.17217200000000035
-0.23200000000000012,-0.23594000000000026,-0.15501200000000032
-0.2420000000000001,-0.23180000000000028,-0.15329600000000032
-0.1920000000000001,-0.23272000000000026,-0.1456312000000003
-0.2340000000000001,-0.24688000000000027,-0.16626720000000034
-0.22000000000000008,-0.22684000000000026,-0.17746960000000037
-0.2360000000000001,-0.24330000000000032,-0.15978160000000033
-0.21600000000000008,-0.2138400000000002,-0.14128400000000027
-0.2580000000000001,-0.23444000000000023,-0.1613040000000003
-0.1760000000000001,-0.18352000000000013,-0.17217200000000035
-0.29600000000000015,-0.24410000000000026,-0.15501200000000032
-0.28400000000000014,-0.24848000000000034,-0.1532388000000003
-0.2500000000000001,-0.23984000000000028,-0.16356340000000036
-0.2340000000000001,-0.24270000000000025,-0.14726140000000032
-0.2600000000000001,-0.24644000000000033,-0.1867404000000004
-0.27200000000000013,-0.2792600000000004,-0.16812840000000034
-0.2660000000000001,-0.23978000000000027,-0.17945620000000037
-0.21600000000000008,-0.23556000000000027,-0.1449344000000003
-0.2220000000000001,-0.21852000000000027,-0.13768768000000026
-0.20800000000000007,-0.22852000000000022,-0.15719808000000032
-0.2540000000000001,-0.2495200000000003,-0.16778944000000034
-0.21400000000000008,-0.2260200000000003,-0.1510662400000003
-0.2420000000000001,-0.22476000000000018,-0.13357760000000027
-0.2440000000000001,-0.2391200000000003,-0.1525056000000003
-0.2620000000000001,-0.2534800000000003,-0.16278080000000034
-0.2460000000000001,-0.2496200000000003,-0.1465568000000003
-0.2380000000000001,-0.24096000000000029,-0.14488032000000028
-0.2640000000000001,-0.26312000000000035,-0.1546417600000003
-0.23200000000000012,-0.23610000000000028,-0.13922896000000026
-0.27400000000000013,-0.27076000000000033,-0.17655456000000036
-0.2540000000000001,-0.2587400000000004,-0.1589577600000003
-0.21200000000000008,-0.2682200000000003,-0.16966768000000035
-0.21800000000000008,-0.22596000000000027,-0.13768768000000026
-0.2560000000000001,-0.24460000000000034,-0.15719808000000032
-0.2340000000000001,-0.23916000000000032,-0.16778944000000034
-0.2460000000000001,-0.2542200000000003,-0.1510662400000003
-0.2660000000000001,-0.24536000000000033,-0.1493381760000003
-0.2520000000000001,-0.25244000000000033,-0.15939996800000034
-0.20800000000000007,-0.23226000000000022,-0.1435129280000003
-0.2660000000000001,-0.2722800000000003,-0.18198700800000037
-0.2500000000000001,-0.26286000000000037,-0.16384876800000034
-0.2640000000000001,-0.2492600000000003,-0.17488822400000037
-0.20200000000000007,-0.23884000000000027,-0.14488032000000028
-0.2560000000000001,-0.23928000000000021,-0.1546417600000003
-0.2360000000000001,-0.24410000000000026,-0.13922896000000026
-0.2540000000000001,-0.2553200000000003,-0.17655456000000036
-0.27800000000000014,-0.28050000000000036,-0.1589577600000003
-0.2560000000000001,-0.2629000000000003,-0.16966768000000035
-0.2600000000000001,-0.27932000000000035,-0.16772683200000033
-0.2600000000000001,-0.26702000000000037,-0.1510098720000003
-0.29400000000000015,-0.26474000000000036,-0.16118429600000034
-0.31200000000000017,-0.2969000000000004,-0.1840241760000004
