pairwise_corr_orig,pairwise_corr_model
0.3640000000000002,0.3648400000000006
0.39000000000000024,0.3871400000000006
0.38400000000000023,0.37870000000000065
0.3380000000000002,0.33394000000000046
0.3240000000000002,0.32172000000000045
0.30600000000000016,0.29930000000000045
0.31200000000000017,0.31074000000000046
0.3260000000000002,0.3283400000000005
0.3380000000000002,0.3326600000000005
0.3460000000000002,0.3471800000000005
0.29600000000000015,0.2955400000000004
0.38200000000000023,0.38010000000000066
0.3680000000000002,0.3649400000000006
0.3480000000000002,0.34900000000000053
0.3620000000000002,0.3585400000000006
0.3400000000000002,0.33734000000000064
0.31400000000000017,0.31194000000000055
0.3600000000000002,0.35992000000000046
0.38600000000000023,0.3830200000000008
0.3680000000000002,0.3627800000000005
0.3660000000000002,0.3635800000000006
0.3300000000000002,0.32334000000000046
0.3420000000000002,0.3389400000000006
0.30800000000000016,0.3038600000000004
0.3700000000000002,0.3673400000000006
0.3800000000000002,0.3792600000000006
0.40800000000000025,0.4052400000000006
0.3620000000000002,0.35344000000000064
0.3600000000000002,0.35516000000000064
0.3420000000000002,0.33810000000000046
0.3640000000000002,0.3613600000000006
0.3460000000000002,0.3386000000000005
0.3360000000000002,0.3344400000000005
0.3600000000000002,0.3590000000000006
0.3680000000000002,0.36844000000000054
0.3540000000000002,0.34812000000000054
0.38400000000000023,0.3763200000000006
0.3580000000000002,0.35364000000000057
0.3620000000000002,0.3583400000000006
0.3740000000000002,0.37224000000000057
0.3600000000000002,0.3583400000000005
0.3460000000000002,0.3434800000000005
0.3520000000000002,0.3466800000000006
0.3300000000000002,0.3270400000000005
0.3460000000000002,0.34304000000000057
0.3380000000000002,0.3369600000000005
0.31200000000000017,0.30452000000000046
0.3780000000000002,0.3748800000000006
0.40400000000000025,0.4004400000000007
0.3600000000000002,0.3546200000000005
0.31800000000000017,0.31418000000000057
0.3520000000000002,0.34892000000000056
0.3500000000000002,0.3471600000000005
0.3600000000000002,0.35840000000000055
0.31600000000000017,0.3117200000000005
0.3640000000000002,0.3636400000000006
0.3220000000000002,0.31960000000000044
0.3560000000000002,0.3568400000000006
0.3620000000000002,0.35972000000000065
0.3620000000000002,0.3659000000000006
0.3740000000000002,0.3707000000000006
0.3320000000000002,0.33074000000000037
0.3780000000000002,0.3736200000000006
0.3540000000000002,0.3555800000000005
0.3580000000000002,0.3583800000000006
0.3400000000000002,0.3379800000000005
0.3380000000000002,0.33666000000000057
0.39200000000000024,0.3949800000000008
0.3320000000000002,0.3349200000000006
0.3700000000000002,0.3685200000000006
0.3280000000000002,0.32852000000000053
0.3520000000000002,0.3502800000000004
0.3280000000000002,0.32992000000000044
0.30600000000000016,0.3004000000000005
0.39200000000000024,0.3901200000000006
0.3740000000000002,0.37204000000000054
0.3420000000000002,0.34066000000000046
0.3340000000000002,0.32992000000000044
0.3580000000000002,0.3574000000000005
0.31000000000000016,0.3119200000000005
0.3440000000000002,0.33868000000000054
0.3740000000000002,0.37092000000000064
0.30400000000000016,0.30236000000000046
0.3680000000000002,0.36710000000000054
0.3240000000000002,0.32536000000000054
0.3520000000000002,0.35316000000000064
0.3380000000000002,0.3376400000000005
0.3440000000000002,0.34316000000000063
0.39800000000000024,0.40116000000000074
0.3500000000000002,0.35170000000000057
0.3640000000000002,0.36028000000000054
0.3340000000000002,0.32952000000000053
0.3680000000000002,0.3686000000000006
0.3740000000000002,0.3736000000000006
0.3380000000000002,0.3403400000000005
0.3260000000000002,0.3253200000000005
0.3680000000000002,0.3675600000000005
0.3380000000000002,0.3388800000000005
0.38200000000000023,0.38646000000000075
0.3740000000000002,0.3685600000000006
0.38400000000000023,0.3848800000000005
0.3560000000000002,0.3530600000000006
0.41000000000000025,0.40624000000000066
0.41800000000000026,0.4163800000000007
0.39200000000000024,0.38714000000000076
